Model,Number of Models,Model Names (Random Split),Model Names (Temporal Split),R2_Random Split,MAE_Random Split,MAPE_Random Split,RMSE_Random Split,R2_Temporal Split,MAE_Temporal Split,MAPE_Temporal Split,RMSE_Temporal Split
Ensemble_2,2,"XGBoost, Stacking_LR","AdaBoost, RandomForest",0.9587880838221777,144.28444802578565,0.05233591758949703,291.19376266221144,-1.5908241526401032,1681.9633640552995,0.4002309237378731,1954.5103551378318
Ensemble_3,3,"XGBoost, Stacking_LR, Stacking_RandomForestRegressor","AdaBoost, RandomForest, XGBoost",0.95878024710852,142.5648670427075,0.05155834102503005,291.2214475392383,-1.6891279848420502,1718.8225806451612,0.40905397404311117,1991.2452063694718
Ensemble_4,4,"XGBoost, Stacking_LR, Stacking_RandomForestRegressor, Stacking_CatBoostRegressor","AdaBoost, RandomForest, XGBoost, Stacking_LR",0.9579426559413279,142.8348106365834,0.05152854989488544,294.16539773538744,-1.7314644109413764,1748.8117511520738,0.41422448211114804,2006.858629833763
Ensemble_5,5,"XGBoost, Stacking_LR, Stacking_RandomForestRegressor, Stacking_CatBoostRegressor, LightGBM","AdaBoost, RandomForest, XGBoost, Stacking_LR, Stacking_RandomForestRegressor",0.9585902273634112,142.58904109589042,0.0514845623857755,291.89192943446835,-1.7380297612525766,1761.447004608295,0.41672884555610723,2009.2690258980203
