Model,Number of Models,Model Names (Random Split),Model Names (Temporal Split),R2_Random Split,MAE_Random Split,MAPE_Random Split,sMAPE_Random Split,RMSE_Random Split,R2_Temporal Split,MAE_Temporal Split,MAPE_Temporal Split,sMAPE_Temporal Split,RMSE_Temporal Split
Ensemble_2,2,"ExtraTrees, Stacking_LR","GradientBoosting 100, XGBoost 50",0.9587312217549476,128.54280156799194,0.04608624552306544,0.04534793353443707,291.39458045176514,0.15423606181691885,704.3420322492108,0.1931138687685314,0.18198604450589445,851.4927741813079
Ensemble_3,3,"ExtraTrees, Stacking_LR, Stacking_RandomForestRegressor","GradientBoosting 100, XGBoost 50, QMLP_tau0.5",0.9600911729378483,128.92176409255384,0.04605032987207313,0.045359141591325855,286.55312315900534,-6100425.416083462,1911429.4938293165,533.0013831020991,2.0,2286843.6938287457
Ensemble_4,4,"ExtraTrees, Stacking_LR, Stacking_RandomForestRegressor, Stacking_ExtraTrees","GradientBoosting 100, XGBoost 50, QMLP_tau0.5, SVR",0.9599476141081256,130.44805237939684,0.04645571312994435,0.04579020701321969,287.0680506327769,-3538057.945365649,1455667.3608906164,405.8986335259902,2.0,1741561.907928202
Ensemble_5,5,"ExtraTrees, Stacking_LR, Stacking_RandomForestRegressor, Stacking_ExtraTrees, XGBoost 5000","GradientBoosting 100, XGBoost 50, QMLP_tau0.5, SVR, Huber",0.9604490829285579,130.40707983344478,0.04672609892898034,0.046014510259340814,285.2652976946511,-2306901.390303731,1175421.6253307224,327.7443310178591,2.0,1406277.390862515
